{
  "lunbo": [1, 2, 3, 4],
  "recommand": [{
      "id": 1,
      "title": "适应性训练",
      "members": 254701,
      "grade": "K1",
      "time": 21
    }, {
      "id": 2,
      "title": "核心功能入门",
      "members": 154701,
      "grade": "K1",
      "time": 15
    },
    {
      "id": 3,
      "title": "腹肌训练入门",
      "members": 354701,
      "grade": "K1",
      "time": 25
    }
  ],
  "abc":[
    {
      "id": 1,
      "title": "腹肌训练入门",
      "members": 354701,
      "grade": "K1",
      "time": 18
    },{
      "id": 2,
      "title": "腹肌训练入门",
      "members": 354701,
      "grade": "K1",
      "time": 18
    },
    {
      "id": 3,
      "title": "腹肌训练入门",
      "members": 354701,
      "grade": "K1",
      "time": 18
    },{
      "id": 4,
      "title": "腹肌训练入门",
      "members": 354701,
      "grade": "K1",
      "time": 18
    }
  ],
  "star":[
    {
      "id": 1,
      "title": "腹肌训练入门",
      "members": 354701,
      "grade": "K1",
      "time": 18
    },{
      "id": 2,
      "title": "腹肌训练入门",
      "members": 354701,
      "grade": "K1",
      "time": 18
    },
    {
      "id": 3,
      "title": "腹肌训练入门",
      "members": 354701,
      "grade": "K1",
      "time": 18
    },{
      "id": 4,
      "title": "腹肌训练入门",
      "members": 354701,
      "grade": "K1",
      "time": 18
    }
  ]
}
