{
  "hotVideos": [{
    "id": 1,
    "headImg": "http://orkwtps3q.bkt.clouddn.com/image/jpg/show.jpg",
    "nickName": "尼古拉斯",
    "timeAgo": 1,
    "videoSrc": "http://orkwtps3q.bkt.clouddn.com/video/mp4/5s.mp4",
    "desc": "其实这种问题要想确切的回答要看我们的训练内容。要想让肌肉有一个好的发展，必要的休息和恢复时间是非常必要的。一般小肌肉群的完全恢复时间是在24-48小时，比如我们的小腿肌群、腹肌、小臂肌群等。一般大肌肉群的完全恢复时间是在48-72小时，比如我们的胸部、背部、大腿等部位的肌群。",
    "comments": 175,
    "jiayou": 25
  }, {
    "id": 2,
    "headImg": "http://orkwtps3q.bkt.clouddn.com/image/jpg/show.jpg",
    "nickName": "尼古拉斯",
    "timeAgo": 1000,
    "videoSrc": "http://orkwtps3q.bkt.clouddn.com/video/mp4/5s.mp4",
    "desc": "其实这种问题要想确切的回答要看我们的训练内容。要想让肌肉有一个好的发展，必要的休息和恢复时间是非常必要的。一般小肌肉群的完全恢复时间是在24-48小时，比如我们的小腿肌群、腹肌、小臂肌群等。一般大肌肉群的完全恢复时间是在48-72小时，比如我们的胸部、背部、大腿等部位的肌群。",
    "comments": 175,
    "jiayou": 25
  }, {
    "id": 3,
    "headImg": "http://orkwtps3q.bkt.clouddn.com/image/jpg/show.jpg",
    "nickName": "尼古拉斯",
    "timeAgo": 300,
    "videoSrc": "http://orkwtps3q.bkt.clouddn.com/video/mp4/5s.mp4",
    "desc": "其实这种问题要想确切的回答要看我们的训练内容。要想让肌肉有一个好的发展，必要的休息和恢复时间是非常必要的。一般小肌肉群的完全恢复时间是在24-48小时，比如我们的小腿肌群、腹肌、小臂肌群等。一般大肌肉群的完全恢复时间是在48-72小时，比如我们的胸部、背部、大腿等部位的肌群。",
    "comments": 18,
    "jiayou": 25
  }, {
    "id": 4,
    "headImg": "http://orkwtps3q.bkt.clouddn.com/image/jpg/show.jpg",
    "nickName": "尼古拉斯",
    "timeAgo": 300,
    "videoSrc": "http://orkwtps3q.bkt.clouddn.com/video/mp4/5s.mp4",
    "desc": "其实这种问题要想确切的回答要看我们的训练内容。要想让肌肉有一个好的发展，必要的休息和恢复时间是非常必要的。一般小肌肉群的完全恢复时间是在24-48小时，比如我们的小腿肌群、腹肌、小臂肌群等。一般大肌肉群的完全恢复时间是在48-72小时，比如我们的胸部、背部、大腿等部位的肌群。",
    "comments": 18,
    "jiayou": 25
  }, {
    "id": 5,
    "headImg": "http://orkwtps3q.bkt.clouddn.com/image/jpg/show.jpg",
    "nickName": "尼古拉斯",
    "timeAgo": 300,
    "videoSrc": "http://orkwtps3q.bkt.clouddn.com/video/mp4/5s.mp4",
    "desc": "其实这种问题要想确切的回答要看我们的训练内容。要想让肌肉有一个好的发展，必要的休息和恢复时间是非常必要的。一般小肌肉群的完全恢复时间是在24-48小时，比如我们的小腿肌群、腹肌、小臂肌群等。一般大肌肉群的完全恢复时间是在48-72小时，比如我们的胸部、背部、大腿等部位的肌群。",
    "comments": 180,
    "jiayou": 25
  }]
}
