{
  "trainVideo": [{
    "id": 1,
    "names": [{
        "title": "坐姿左侧臀部拉伸",
        "time": "30",
        "unit": "''"
      },
      {
        "title": "坐姿右侧臀部拉伸",
        "time": "30",
        "unit": "''"
      },
      {
        "title": "顶膝体前屈",
        "time": "15",
        "unit": "次"
      }, {
        "title": "顶椅半蹲",
        "time": "20",
        "unit": "次"
      },
      {
        "title": "半蹲",
        "time": "20",
        "unit": "次"
      },
      {
        "title": "深蹲",
        "time": "25",
        "unit": "次"
      }
    ]
  }, {
    "id": 2,
    "names": [{
        "title": "90卷腹",
        "time": "15",
        "unit": "次"
      },
      {
        "title": "仰卧交替抬腿",
        "time": "30",
        "unit": "''"
      },
      {
        "title": "左侧卷腹抬腿",
        "time": "15",
        "unit": "次"
      }, {
        "title": "右侧卷腹抬腿",
        "time": "20",
        "unit": "次"
      },
      {
        "title": "俄罗斯转体",
        "time": "20",
        "unit": "次"
      },
      {
        "title": "单腿两头起",
        "time": "25",
        "unit": "次"
      },
      {
        "title": "腹部拉伸",
        "time": "25",
        "unit": "次"
      }
    ]
  }, {
    "id": 3,
    "names": [{
        "title": "肩部深层激活",
        "time": "15",
        "unit": "次"
      },
      {
        "title": "交替摸肩",
        "time": "30",
        "unit": "次"
      },
      {
        "title": "上斜俯卧撑",
        "time": "15",
        "unit": "次"
      }, {
        "title": "跪姿前移",
        "time": "20",
        "unit": "次"
      },
      {
        "title": "跪姿俯卧撑",
        "time": "20",
        "unit": "次"
      },
      {
        "title": "离心俯卧撑",
        "time": "25",
        "unit": "次"
      },
      {
        "title": "分腿俯卧撑",
        "time": "25",
        "unit": "次"
      },
      {
        "title": "仰卧屈膝后撑",
        "time": "25",
        "unit": "次"
      },
      {
        "title": "左侧胸部拉伸",
        "time": "25",
        "unit": "次"
      },
      {
        "title": "右侧胸部拉伸",
        "time": "25",
        "unit": "次"
      },
      {
        "title": "左臂后侧拉伸",
        "time": "25",
        "unit": "次"
      },
      {
        "title": "右臂后侧拉伸",
        "time": "25",
        "unit": "次"
      }
    ]
  }, {
    "id": 4,
    "names": [{
        "title": "跪姿俯卧撑",
        "time": "15",
        "unit": "次"
      },
      {
        "title": "俯卧撑",
        "time": "30",
        "unit": "次"
      },
      {
        "title": "钻石俯卧撑",
        "time": "15",
        "unit": "次"
      }, {
        "title": "左侧俯卧撑",
        "time": "20",
        "unit": "次"
      },
      {
        "title": "右侧俯卧撑",
        "time": "20",
        "unit": "次"
      },
      {
        "title": "跪姿俯卧撑",
        "time": "25",
        "unit": "次"
      },
      {
        "title": "深度俯卧撑",
        "time": "25",
        "unit": "次"
      },
      {
        "title": "跪姿俯卧撑",
        "time": "25",
        "unit": "次"
      },
      {
        "title": "俯卧撑",
        "time": "25",
        "unit": "次"
      },
      {
        "title": "跪姿俯卧撑",
        "time": "25",
        "unit": "次"
      },
      {
        "title": "左侧胸部拉伸",
        "time": "25",
        "unit": "次"
      },
      {
        "title": "右侧胸部拉伸",
        "time": "25",
        "unit": "次"
      },
      {
        "title": "仰卧屈膝后撑",
        "time": "25",
        "unit": "次"
      },
      {
        "title": "左臂后侧拉伸",
        "time": "25",
        "unit": "次"
      },
      {
        "title": "右臂后侧拉伸",
        "time": "25",
        "unit": "次"
      }
    ]
  }, {
    "id": 5,
    "names": [{
        "title": "肩部环绕",
        "time": 11,
        "unit": "次"
      },
      {
        "title": "手臂环绕",
        "time": 8,
        "unit": "次"
      }, {
        "title": "髋关节环绕",
        "time": 3,
        "unit": "次"
      }, {
        "title": "弓步转体",
        "time": 10,
        "unit": "次"
      }, {
        "title": "早安式体前屈",
        "time": 10,
        "unit": "次"
      }, {
        "title": "左腿跨坐转体",
        "time": 5,
        "unit": "次"
      }, {
        "title": "右腿跨坐转体",
        "time": 5,
        "unit": "次"
      }, {
        "title": "支撑交替抬腿",
        "time": 5,
        "unit": "次"
      }, {
        "title": "开合跳",
        "time": 15,
        "unit": "次"
      }
    ]
  }, {
    "id": 6,
    "names": [{
        "title": "关节活动",
        "time": 10,
        "unit": "次"
      }, {
        "title": "手臂环绕",
        "time": 8,
        "unit": "次"
      },
      {
        "title": "哑铃臂前伸",
        "time": 10,
        "unit": "次"
      }, {
        "title": "哑铃复合推举",
        "time": 10,
        "unit": "次"
      }, {
        "title": "哑铃俯身臂屈伸",
        "time": 15,
        "unit": "次"
      }, {
        "title": "哑铃侧平举",
        "time": 12,
        "unit": "次"
      }, {
        "title": "哑铃臂前伸",
        "time": 10,
        "unit": "次"
      }, {
        "title": "哑铃复合推举",
        "time": 10,
        "unit": "次"
      }, {
        "title": "哑铃俯身臂屈伸",
        "time": 15,
        "unit": "次"
      }, {
        "title": "哑铃侧平举",
        "time": 12,
        "unit": "次"
      }, {
        "title": "哑铃臂前伸",
        "time": 9,
        "unit": "次"
      }, {
        "title": "哑铃复合推举",
        "time": 10,
        "unit": "次"
      }
    ]
  }, {
    "id": 7,
    "names": [{
      "title": "慢走"
    }, {
      "title": "慢跑"
    }, {
      "title": "快走"
    }, {
      "title": "慢跑"
    }, {
      "title": "快走"
    }, {
      "title": "慢跑"
    }, {
      "title": "慢走"
    }, {
      "title": "慢跑"
    }, {
      "title": "快走"
    }, {
      "title": "慢跑"
    }, {
      "title": "快走"
    }]
  }, {
    "id": 8,
    "names": [{
      "title": "慢跑"
    }, {
      "title": "快跑"
    }, {
      "title": "慢走"
    }, {
      "title": "慢跑"
    }, {
      "title": "快跑"
    }, {
      "title": "慢走"
    }, {
      "title": "慢跑"
    }, {
      "title": "快跑"
    }]
  }, {
    "id": 9,
    "names": [{
      "title": "慢跑"
    }, {
      "title": "快跑"
    }, {
      "title": "慢跑"
    }, {
      "title": "快跑"
    }, {
      "title": "慢跑"
    }, {
      "title": "快跑"
    }, {
      "title": "慢跑"
    }, {
      "title": "快跑"
    }]
  }, {
    "id": 10,
    "names": [{
      "title": "慢跑"
    }, {
      "title": "快跑"
    }, {
      "title": "慢跑"
    }, {
      "title": "快跑"
    }, {
      "title": "慢跑"
    }, {
      "title": "快跑"
    }, {
      "title": "慢跑"
    }, {
      "title": "快跑"
    }]
  }]
}
